"Time (ms)","Trajectory 1"
"0","121.5157"
"32","132.1401"
"80","142.9079"
"112","153.9745"
"208","165.4073"
"240","177.1935"
"288","189.2624"
"320","201.5023"
"368","213.7643"
"416","225.8703"
"448","237.6307"
"496","248.8606"
"528","259.3869"
"576","269.0525"
"624","277.7152"
"656","285.2455"
"704","291.5343"
"736","296.5059"
"784","300.1179"
"832","302.3489"
"864","303.1898"
"912","302.64"
"944","300.7051"
"992","297.4012"
"1040","292.7646"
"1072","286.8552"
"1120","279.7486"
"1168","271.5304"
"1200","262.3012"
"1248","252.1859"
"1280","241.3311"
"1328","229.898"
"1376","218.0589"
"1408","205.9888"
"1456","193.8548"
"1488","181.8145"
"1536","170.0212"
"1584","158.6256"
"1616","147.779"
"1664","137.6386"
"1696","128.3689"
"1744","120.1302"
"1792","113.0619"
"1824","107.2758"
"1872","102.8569"
"1904","99.86868"
"1952","98.35948"
"2000","98.35912"
"2032","99.86742"
"2080","102.8543"
"2112","107.2716"
"2160","113.0557"
"2208","120.1213"
"2240","128.3562"
"2288","137.621"
"2320","147.7563"
"2368","158.5993"
"2416","169.9954"
"2448","181.7963"
"2496","193.8539"
"2528","206.0169"
"2576","218.1275"
"2624","230.0138"
"2656","241.4886"
"2704","252.3618"
"2736","262.4627"
"2784","271.6529"
"2832","279.8236"
"2864","286.8832"
"2912","292.7472"
"2944","297.3358"
"2992","300.5853"
"3040","302.4592"
"3072","302.9504"
"3120","302.07"
"3168","299.8321"
"3200","296.2478"
"3248","291.3405"
"3280","285.1634"
"3328","277.7936"
"3376","269.3173"
"3408","259.83"
"3456","249.4479"
"3488","238.3115"
"3536","226.5914"
"3584","214.487"
"3616","202.2038"
"3664","189.9254"
"3696","177.8092"
"3744","165.9982"
"3792","154.6307"
"3824","143.8454"
"3872","133.7856"
"3904","124.6011"
"3952","116.4466"
"4000","109.4692"
"4033","103.7873"
"4080","99.48387"
"4112","96.61357"
"4160","95.21046"
"4208","95.29166"
"4240","96.85352"
"4288","99.87025"
"4320","104.3006"
"4368","110.0883"
"4416","117.1539"
"4448","125.3894"
"4496","134.657"
"4528","144.797"
"4576","155.6438"
"4624","167.0372"
"4656","178.8208"
"4704","190.836"
"4736","202.9205"
"4784","214.9089"
"4832","226.6321"
"4864","237.9209"
"4912","248.6099"
"4960","258.5412"
"4992","267.571"
"5040","275.5762"
"5072","282.4568"
"5120","288.1343"
"5168","292.5426"
"5200","295.6215"
"5248","297.3215"
"5280","297.6156"
"5328","296.5049"
"5376","294.0144"
"5408","290.1851"
"5456","285.0708"
"5488","278.7381"
"5536","271.2618"
"5584","262.7292"
"5616","253.2513"
"5664","242.965"
"5696","232.0263"
"5744","220.5945"
"5792","208.8263"
"5824","196.8797"
"5872","184.914"
"5904","173.0835"
"5952","161.5337"
"6000","150.4071"
"6032","139.8586"
"6080","130.0595"
"6112","121.1828"
"6160","113.3839"
"6208","106.7878"
"6240","101.4882"
"6288","97.55247"
"6320","95.02804"
"6368","93.95167"
"6416","94.34969"
"6448","96.22698"
"6496","99.5593"
"6528","104.2998"
"6576","110.3848"
"6624","117.7266"
"6656","126.2099"
"6704","135.6997"
"6736","146.0492"
"6784","157.1017"
"6832","168.6886"
"6864","180.6326"
"6912","192.7584"
"6960","204.9004"
"6992","216.8977"
"7040","228.5894"
"7072","239.8162"
"7120","250.4267"
"7168","260.281"
"7200","269.2464"
"7248","277.2003"
"7280","284.0436"
"7328","289.7034"
"7376","294.1172"
"7408","297.2216"
"7456","298.9568"
"7488","299.2775"
"7536","298.161"
"7584","295.6189"
"7616","291.7007"
"7664","286.4847"
"7696","280.0664"
"7744","272.5514"
"7792","264.0492"
"7824","254.6699"
"7872","244.5251"
"7904","233.7349"
"7952","222.4348"
"8000","210.7797"
"8032","198.9404"
"8080","187.0939"
"8112","175.4118"
"8160","164.0612"
"8208","153.2082"
"8240","143.0084"
"8288","133.5984"
"8320","125.1022"
"8368","117.6398"
"8416","111.3272"
"8448","106.2675"
"8496","102.5402"
"8528","100.2037"
"8576","99.30093"
"8624","99.85454"
"8656","101.8624"
"8704","105.3042"
"8736","110.1414"
"8784","116.3075"
"8832","123.7038"
"8864","132.2056"
"8912","141.6718"
"8960","151.9506"
"8992","162.8837"
"9040","174.3107"
"9072","186.076"
"9120","198.0316"
"9168","210.0259"
"9200","221.8918"
"9248","233.4498"
"9280","244.5219"
"9328","254.9454"
"9376","264.5734"
"9408","273.2714"
"9456","280.9227"
"9488","287.4329"
"9536","292.7256"
"9584","296.74"
"9616","299.4296"
"9664","300.7626"
"9696","300.7225"
"9744","299.3071"
"9792","296.531"
"9824","292.4338"
"9872","287.0804"
"9904","280.5497"
"9952","272.9237"
"10000","264.2869"
"10032","254.734"
"10080","244.3779"
"10112","233.355"
"10160","221.8281"
"10208","209.9814"
"10240","198.0034"
"10288","186.0705"
"10320","174.3428"
"10368","162.9738"
"10416","152.1174"
"10448","141.9214"
"10496","132.5189"
"10528","124.034"
"10576","116.5898"
"10624","110.3067"
"10656","105.292"
"10704","101.6268"
"10736","99.36356"
"10784","98.5331"
"10832","99.14974"
"10864","101.2122"
"10912","104.6989"
"10960","109.5634"
"10992","115.732"
"11040","123.1027"
"11072","131.5511"
"11120","140.9422"
"11168","151.1348"
"11200","161.9757"
"11248","173.2943"
"11280","184.9143"
"11328","196.6658"
"11376","208.3879"
"11408","219.9301"
"11456","231.1502"
"11488","241.9001"
"11536","252.0186"
"11584","261.3503"
"11616","269.7693"
"11664","277.1778"
"11696","283.4839"
"11744","288.5919"
"11792","292.4134"
"11824","294.8828"
"11872","295.9712"
"11904","295.6844"
"11952","294.0441"
"12000","291.0737"
"12032","286.804"
"12080","281.2865"
"12112","274.5977"
"12160","266.8376"
"12208","258.1194"
"12240","248.5543"
"12288","238.249"
"12320","227.3239"
"12368","215.9282"
"12416","204.2321"
"12448","192.4045"
"12496","180.6055"
"12528","168.9975"
"12576","157.7475"
"12624","147.0183"
"12656","136.9615"
"12704","127.7146"
"12736","119.4061"
"12784","112.1661"
"12832","106.126"
"12864","101.4009"
"12912","98.07191"
"12960","96.18082"
"12992","95.73576"
"13040","96.7236"
"13072","99.12251"
"13120","102.9039"
"13168","108.0261"
"13200","114.4277"
"13248","122.02"
"13280","130.6824"
"13328","140.2718"
"13376","150.6303"
"13408","161.591"
"13456","172.9861"
"13488","184.6526"
"13536","196.4322"
"13584","208.1739"
"13616","219.7329"
"13664","230.9604"
"13696","241.7003"
"13744","251.7927"
"13792","261.0821"
"13824","269.4329"
"13872","276.7429"
"13904","282.9393"
"13952","287.9596"
"14000","291.7373"
"14032","294.2038"
"14080","295.3053"
"14112","295.0193"
"14160","293.3524"
"14208","290.3317"
"14240","286.0074"
"14288","280.452"
"14320","273.7531"
"14368","266.008"
"14416","257.321"
"14448","247.8035"
"14496","237.5802"
"14528","226.7906"
"14576","215.586"
"14624","204.126"
"14656","192.5738"
"14704","181.09"
"14752","169.8308"
"14784","158.945"
"14832","148.574"
"14864","138.858"
"14912","129.9408"
"14960","121.9657"
"14992","115.0682"
"15040","109.3677"
"15072","104.9587"
"15120","101.9088"
"15168","100.2638"
"15200","100.0507"
"15248","101.2728"
"15280","103.9064"
"15328","107.9043"
"15376","113.203"
"15408","119.7249"
"15456","127.3778"
"15488","136.0511"
"15536","145.6123"
"15584","155.9143"
"15616","166.8074"
"15664","178.1408"
"15696","189.7572"
"15744","201.4917"
"15792","213.1805"
"15824","224.6632"
"15872","235.7795"
"15904","246.3715"
"15952","256.2918"
"16000","265.4016"
"16032","273.5673"
"16080","280.6679"
"16112","286.6024"
"16160","291.2906"
"16208","294.6773"
"16240","296.7343"
"16288","297.4557"
"16320","296.8528"
"16368","294.951"
"16416","291.7814"
"16448","287.3774"
"16496","281.7826"
"16528","275.0574"
"16576","267.2742"
"16624","258.5169"
"16656","248.8921"
"16704","238.5298"
"16752","227.5777"
"16784","216.1994"
"16832","204.5676"
"16864","192.8573"
"16912","181.244"
"16960","169.8981"
"16992","158.9763"
"17040","148.6234"
"17072","138.9813"
"17120","130.1923"
"17168","122.3881"
"17200","115.6774"
"17248","110.1459"
"17280","105.8653"
"17328","102.8982"
"17376","101.2979"
"17408","101.1024"
"17456","102.3251"
"17488","104.9492"
"17536","108.9309"
"17584","114.2068"
"17616","120.6979"
"17664","128.3109"
"17696","136.9371"
"17744","146.4477"
"17792","156.6879"
"17824","167.4832"
"17872","178.6592"
"17904","190.0562"
"17952","201.5258"
"18000","212.9248"
"18032","224.1126"
"18080","234.9447"
"18112","245.2679"
"18160","254.9319"
"18208","263.8"
"18240","271.7465"
"18288","278.6523"
"18320","284.4089"
"18368","288.9261"
"18416","292.135"
"18448","293.9898"
"18496","294.4675"
"18528","293.5649"
"18576","291.3011"
"18624","287.7236"
"18656","282.9081"
"18704","276.9449"
"18752","269.9244"
"18784","261.9304"
"18832","253.0436"
"18864","243.3607"
"18912","233.0125"
"18960","222.1578"
"18992","210.9575"
"19040","199.5602"
"19072","188.1084"
"19120","176.7447"
"19168","165.6127"
"19200","154.86"
"19248","144.6434"
"19280","135.1275"
"19328","126.4743"
"19376","118.8262"
"19408","112.2974"
"19456","106.9761"
"19488","102.929"
"19536","100.2046"
"19584","98.83492"
"19616","98.8371"
"19664","100.2176"
"19696","102.9712"
"19744","107.0755"
"19792","112.4854"
"19824","119.1264"
"19872","126.8894"
"19904","135.6392"
"19952","145.2313"
"20000","155.5179"
"20032","166.3466"
"20080","177.5586"
"20112","188.989"
"20160","200.4722"
"20208","211.8499"
"20240","222.9739"
"20288","233.7012"
"20320","243.8903"
"20368","253.4036"
"20416","262.1137"
"20448","269.9031"
"20496","276.6561"
"20528","282.2607"
"20576","286.6249"
"20624","289.6877"
"20656","291.4175"
"20704","291.8076"
"20752","290.873"
"20784","288.6429"
"20832","285.1539"
"20864","280.4465"
"20912","274.5683"
"20960","267.5843"
"20992","259.5858"
"21040","250.6898"
"21072","241.0338"
"21120","230.7655"
"21168","220.0342"
"21200","208.9858"
"21248","197.7603"
"21280","186.4955"
"21328","175.3357"
"21376","164.4314"
"21408","153.9357"
"21456","144.0057"
"21488","134.8006"
"21536","126.4738"
"21584","119.162"
"21616","112.9754"
"21664","107.9985"
"21696","104.2976"
"21744","101.9214"
"21792","100.9"
"21824","101.2489"
"21872","102.97"
"21904","106.0483"
"21952","110.449"
"22000","116.1121"
"22032","122.9471"
"22080","130.8385"
"22112","139.6597"
"22160","149.2825"
"22208","159.5756"
"22240","170.3994"
"22288","181.6027"
"22320","193.0229"
"22368","204.492"
"22416","215.8452"
"22448","226.9257"
"22496","237.5817"
"22528","247.6663"
"22576","257.0406"
"22624","265.5724"
"22656","273.1367"
"22704","279.6287"
"22752","284.9741"
"22784","289.1163"
"22832","291.9995"
"22864","293.5751"
"22912","293.8203"
"22960","292.7376"
"22992","290.3445"
"23040","286.674"
"23072","281.7812"
"23120","275.7382"
"23168","268.6275"
"23200","260.542"
"23248","251.5903"
"23280","241.8996"
"23328","231.6109"
"23376","220.8735"
"23408","209.8413"
"23456","198.6711"
"23488","187.5184"
"23536","176.5292"
"23584","165.8358"
"23616","155.5663"
"23664","145.8561"
"23696","136.848"
"23744","128.6884"
"23792","121.5204"
"23824","115.4696"
"23872","110.6253"
"23904","107.0415"
"23952","104.7533"
"24000","103.7883"
"24032","104.1679"
"24080","105.9029"
"24112","108.9868"
"24160","113.3918"
"24208","119.0617"
"24240","125.907"
"24288","133.8103"
"24320","142.6393"
"24368","152.256"
"24416","162.5151"
"24448","173.2609"
"24496","184.3274"
"24544","195.5463"
"24576","206.7598"
"24624","217.8242"
"24656","228.603"
"24704","238.9614"
"24752","248.7644"
"24784","257.8733"
"24832","266.1476"
"24864","273.4586"
"24912","279.7036"
"24960","284.8058"
"24992","288.701"
"25040","291.3322"
"25072","292.6555"
"25120","292.6476"
"25168","291.3058"
"25200","288.6487"
"25248","284.7181"
"25280","279.5743"
"25328","273.2928"
"25376","265.968"
"25408","257.7117"
"25456","248.6439"
"25488","238.8884"
"25536","228.5733"
"25584","217.832"
"25616","206.803"
"25664","195.6288"
"25696","184.4578"
"25744","173.4473"
"25792","162.7552"
"25824","152.5282"
"25872","142.9072"
"25904","134.0357"
"25952","126.053"
"26000","119.0825"
"26032","113.2253"
"26080","108.559"
"26112","105.1435"
"26160","103.0279"
"26208","102.246"
"26240","102.8084"
"26288","104.7048"
"26320","107.915"
"26368","112.4138"
"26416","118.1577"
"26448","125.0715"
"26496","133.046"
"26544","141.9453"
"26576","151.6151"
"26624","161.8926"
"26656","172.6152"
"26704","183.6248"
"26752","194.7714"
"26784","205.9131"
"26832","216.9092"
"26864","227.6135"
"26912","237.8757"
"26960","247.5466"
"26992","256.4831"
"27040","264.5564"
"27072","271.657"
"27120","277.6931"
"27168","282.5857"
"27200","286.2682"
"27248","288.6942"
"27280","289.8388"
"27328","289.6906"
"27376","288.2441"
"27408","285.5078"
"27456","281.5153"
"27488","276.3274"
"27536","270.0286"
"27584","262.7172"
"27616","254.494"
"27664","245.4631"
"27696","235.7413"
"27744","225.4609"
"27792","214.7667"
"27824","203.812"
"27872","192.7518"
"27904","181.7374"
"27952","170.9145"
"28000","160.4238"
"28032","150.4062"
"28080","141.0121"
"28112","132.3962"
"28160","124.6951"
"28208","118.0158"
"28240","112.4431"
"28288","108.0518"
"28320","104.9095"
"28368","103.07"
"28416","102.5663"
"28448","103.4119"
"28496","105.6001"
"28544","109.1018"
"28576","113.8661"
"28624","119.8229"
"28656","126.884"
"28704","134.9453"
"28752","143.8861"
"28784","153.5687"
"28832","163.8447"
"28864","174.5615"
"28912","185.5673"
"28960","196.7151"
"28992","207.8635"
"29040","218.8701"
"29072","229.5851"
"29120","239.852"
"29168","249.5128"
"29200","258.413"
"29248","266.4115"
"29280","273.3894"
"29328","279.2553"
"29376","283.9457"
"29408","287.4172"
"29456","289.6369"
"29488","290.5813"
"29536","290.2401"
"29584","288.6217"
"29616","285.7556"
"29664","281.6852"
"29696","276.4592"
"29744","270.1363"
"29792","262.7968"
"29824","254.5456"
"29872","245.5039"
"29904","235.8041"
"29952","225.588"
"30000","215.0015"
"30032","204.1909"
"30080","193.3044"
"30112","182.4912"
"30160","171.8953"
"30208","161.655"
"30240","151.9048"
"30288","142.7747"
"30320","134.3896"
"30368","126.8756"
"30416","120.3601"
"30448","114.9565"
"30496","110.7493"
"30544","107.7985"
"30576","106.1492"
"30624","105.8313"
"30656","106.8537"
"30704","109.2052"
"30752","112.852"
"30784","117.7361"
"30832","123.781"
"30864","130.8992"
"30912","138.9916"
"30960","147.9412"
"30992","157.6096"
"31040","167.8421"
"31072","178.476"
"31120","189.3492"
"31168","200.312"
"31200","211.2331"
"31248","221.9865"
"31280","232.4306"
"31328","242.4095"
"31376","251.7696"
"31408","260.3687"
"31456","268.0781"
"31488","274.7899"
"31536","280.4207"
"31584","284.9011"
"31616","288.1678"
"31664","290.1677"
"31696","290.8701"
"31744","290.2679"
"31792","288.3704"
"31824","285.2069"
"31872","280.8323"
"31904","275.3225"
"31952","268.7655"
"32000","261.2579"
"32032","252.9066"
"32080","243.824"
"32112","234.1216"
"32160","223.9126"
"32208","213.3189"
"32240","202.4739"
"32288","191.524"
"32320","180.6306"
"32368","169.964"
"32416","159.6914"
"32448","149.9683"
"32496","140.9338"
"32544","132.708"
"32576","125.3964"
"32624","119.0996"
"32656","113.9151"
"32704","109.9263"
"32752","107.1929"
"32784","105.7479"
"32832","105.6002"
"32864","106.7453"
"32912","109.1731"
"32960","112.8604"
"32992","117.7616"
"33040","123.8105"
"33072","130.926"
"33120","139.0116"
"33168","147.9487"
"33200","157.5951"
"33248","167.7908"
"33280","178.369"
"33328","189.1681"
"33376","200.043"
"33408","210.8611"
"33456","221.4865"
"33488","231.774"
"33536","241.576"
"33584","250.7459"
"33616","259.1399"
"33664","266.6252"
"33696","273.0893"
"33744","278.4459"
"33792","282.6362"
"33824","285.6219"
"33872","287.3751"
"33904","287.8756"
"33952","287.1118"
"34000","285.0865"
"34032","281.829"
"34080","277.3965"
"34112","271.8604"
"34160","265.2977"
"34208","257.791"
"34240","249.4298"
"34288","240.3132"
"34336","230.5548"
"34368","220.288"
"34416","209.666"
"34448","198.8569"
"34496","188.0298"
"34544","177.3422"
"34576","166.9402"
"34624","156.9636"
"34656","147.5421"
"34704","138.7941"
"34752","130.8309"
"34784","123.7568"
"34832","117.6674"
"34864","112.6508"
"34912","108.7917"
"34960","106.1686"
"34992","104.8433"
"35040","104.8526"
"35072","106.2078"
"35120","108.8938"
"35168","112.8664"
"35200","118.0541"
"35248","124.3644"
"35280","131.6929"
"35328","139.9337"
"35376","148.9768"
"35408","158.6969"
"35456","168.9501"
"35488","179.5772"
"35536","190.4109"
"35584","201.2888"
"35616","212.0641"
"35664","222.6008"
"35696","232.7608"
"35744","242.4018"
"35792","251.386"
"35824","259.5904"
"35872","266.9089"
"35904","273.2439"
"35952","278.5055"
"36000","282.619"
"36032","285.5276"
"36080","287.1899"
"36112","287.5856"
"36160","286.7178"
"36208","284.606"
"36240","281.2794"
"36288","276.7801"
"36336","271.1683"
"36368","264.5249"
"36416","256.9521"
"36448","248.5652"
"36496","239.4831"
"36544","229.8292"
"36576","219.7342"
"36624","209.3324"
"36656","198.7651"
"36704","188.1816"
"36752","177.7278"
"36784","167.5362"
"36832","157.7324"
"36864","148.4464"
"36912","139.8167"
"36960","131.9874"
"36992","125.0958"
"37040","119.2572"
"37072","114.5562"
"37120","111.0511"
"37168","108.7835"
"37200","107.7828"
"37248","108.0661"
"37280","109.6372"
"37328","112.4837"
"37376","116.5703"
"37408","121.838"
"37456","128.2094"
"37488","135.5902"
"37536","143.8685"
"37584","152.9184"
"37616","162.6029"
"37664","172.7757"
"37696","183.287"
"37744","193.9922"
"37792","204.751"
"37824","215.4215"
"37872","225.8597"
"37904","235.9219"
"37952","245.4595"
"38000","254.3202"
"38032","262.3623"
"38080","269.4676"
"38112","275.5426"
"38160","280.513"
"38208","284.3203"
"38240","286.921"
"38288","288.2836"
"38336","288.3867"
"38368","287.2262"
"38416","284.823"
"38448","281.2201"
"38496","276.4771"
"38544","270.6713"
"38576","263.8941"
"38624","256.2405"
"38656","247.8079"
"38704","238.6996"
"38752","229.0262"
"38784","218.9097"
"38832","208.4883"
"38864","197.9092"
"38912","187.3208"
"38960","176.8728"
"38992","166.7173"
"39040","157.0031"
"39072","147.8661"
"39120","139.426"
"39168","131.7932"
"39200","125.0751"
"39248","119.3717"
"39280","114.7741"
"39328","111.3674"
"39376","109.2186"
"39408","108.3608"
"39456","108.799"
"39488","110.5251"
"39536","113.5128"
"39584","117.7092"
"39616","123.0442"
"39664","129.4371"
"39696","136.7988"
"39744","145.0328"
"39792","154.0301"
"39824","163.6589"
"39872","173.7648"
"39904","184.1837"
"39952","194.7561"
"40000","205.3353"
"40032","215.7879"
"40080","225.987"
"40112","235.7996"
"40160","245.081"
"40208","253.6867"
"40240","261.4877"
"40288","268.3719"
"40336","274.2449"
"40368","279.0333"
"40416","282.6767"
"40448","285.1163"
"40496","286.3014"
"40544","286.2072"
"40576","284.8423"
"40624","282.2391"
"40656","278.4462"
"40704","273.5295"
"40752","267.5733"
"40784","260.6745"
"40832","252.9349"
"40864","244.4533"
"40912","235.3258"
"40960","225.6571"
"40992","215.5667"
"41040","205.188"
"41072","194.6699"
"41120","184.1762"
"41168","173.8686"
"41200","163.8883"
"41248","154.3549"
"41280","145.3816"
"41328","137.0903"
"41376","129.6088"
"41408","123.0578"
"41456","117.5441"
"41488","113.1602"
"41536","109.9813"
"41584","108.0579"
"41616","107.4123"
"41664","108.0483"
"41696","109.9579"
"41744","113.1156"
"41792","117.4705"
"41824","122.9518"
"41872","129.4788"
"41904","136.9661"
"41952","145.3196"
"42000","154.425"
"42032","164.1441"
"42080","174.323"
"42112","184.8021"
"42160","195.4237"
"42208","206.0358"
"42240","216.488"
"42288","226.6277"
"42336","236.3057"
"42368","245.3864"
"42416","253.7543"
"42448","261.3119"
"42496","267.9731"
"42544","273.6568"
"42576","278.2819"
"42624","281.7715"
"42656","284.0618"
"42704","285.1119"
"42752","284.9128"
"42784","283.4826"
"42832","280.851"
"42864","277.0508"
"42912","272.1292"
"42960","266.1599"
"42992","259.2389"
"43040","251.4716"
"43072","242.9722"
"43120","233.8605"
"43168","224.2509"
"43200","214.2573"
"43248","204.009"
"43280","193.6496"
"43328","183.3247"
"43376","173.1796"
"43408","163.3591"
"43456","154.0031"
"43488","145.2464"
"43536","137.2222"
"43584","130.057"
"43616","123.8565"
"43664","118.6991"
"43696","114.6447"
"43744","111.7458"
"43792","110.0501"
"43824","109.5944"
"43872","110.3985"
"43904","112.4596"
"43952","115.754"
"44000","120.2429"
"44032","125.8706"
"44080","132.5564"
"44112","140.1985"
"44160","148.6781"
"44208","157.8578"
"44240","167.5839"
"44288","177.6937"
"44336","188.0252"
"44368","198.4302"
"44416","208.7853"
"44448","218.9824"
"44496","228.9082"
"44544","238.4316"
"44576","247.4111"
"44624","255.7105"
"44656","263.207"
"44704","269.7926"
"44752","275.3737"
"44784","279.8683"
"44832","283.202"
"44864","285.3127"
"44912","286.1618"
"44960","285.7432"
"44992","284.0795"
"45040","281.2139"
"45072","277.2003"
"45120","272.1"
"45168","265.9913"
"45200","258.9688"
"45248","251.127"
"45280","242.558"
"45328","233.3669"
"45376","223.6782"
"45408","213.6309"
"45456","203.3725"
"45488","193.0565"
"45536","182.8367"
"45584","172.855"
"45616","163.2382"
"45664","154.1078"
"45696","145.5846"
"45744","137.7836"
"45792","130.8113"
"45824","124.765"
"45872","119.7311"
"45904","115.785"
"45952","112.9907"
"46000","111.3981"
"46032","111.0443"
"46080","111.9553"
"46128","114.1364"
"46160","117.5642"
"46208","122.1879"
"46240","127.9329"
"46288","134.699"
"46336","142.3653"
"46368","150.8051"
"46416","159.8936"
"46448","169.5011"
"46496","179.4911"
"46544","189.7278"
"46576","200.0769"
"46624","210.3964"
"46656","220.534"
"46704","230.3383"
"46752","239.6702"
"46784","248.4027"
"46832","256.4201"
"46864","263.6184"
"46912","269.903"
"46960","275.1812"
"46992","279.3632"
"47040","282.3746"
"47072","284.1653"
"47120","284.7109"
"47168","284.0093"
"47200","282.0826"
"47248","278.9821"
"47280","274.7796"
"47328","269.5451"
"47376","263.3401"
"47408","256.2302"
"47456","248.2999"
"47488","239.6589"
"47536","230.4366"
"47584","220.7718"
"47616","210.8044"
"47664","200.6678"
"47696","190.4856"
"47744","180.3788"
"47792","170.4763"
"47824","160.9187"
"47872","151.8483"
"47904","143.397"
"47952","135.6866"
"48000","128.8363"
"48032","122.9592"
"48080","118.1496"
"48128","114.474"
"48160","111.973"
"48208","110.6699"
"48240","110.5751"
"48288","111.6897"
"48336","114.0082"
"48368","117.5138"
"48416","122.1727"
"48448","127.9298"
"48496","134.7026"
"48544","142.3849"
"48576","150.8607"
"48624","160.0102"
"48656","169.7006"
"48704","179.7794"
"48752","190.081"
"48784","200.4441"
"48832","210.7249"
"48864","220.793"
"48912","230.5175"
"48960","239.7606"
"48992","248.3808"
"49040","256.2386"
"49072","263.2091"
"49120","269.1934"
"49168","274.1255"
"49200","277.9702"
"49248","280.7093"
"49280","282.3215"
"49328","282.7805"
"49376","282.062"
"49408","280.1543"
"49456","277.0722"
"49488","272.8647"
"49536","267.6024"
"49584","261.3598"
"49616","254.2123"
"49664","246.2492"
"49696","237.5816"
"49744","228.3401"
"49792","218.6667"
"49824","208.7079"
"49872","198.6071"
"49904","188.5008"
"49952","178.5217"
"50000","168.8026"
"50032","159.4742"
"50080","150.6627"
"50128","142.4907"
"50160","135.078"
"50208","128.5348"
"50240","122.9546"
"50288","118.4145"
"50336","114.9782"
"50368","112.6965"
"50416","111.6052"
"50448","111.7263"
"50496","113.0689"
"50544","115.6238"
"50576","119.3614"
"50624","124.2385"
"50656","130.1964"
"50704","137.1462"
"50752","144.9715"
"50784","153.5437"
"50832","162.726"
"50864","172.3735"
"50912","182.3399"
"50960","192.487"
"50992","202.6891"
"51040","212.8245"
"51072","222.7641"
"51120","232.3649"
"51168","241.4761"
"51200","249.9543"
"51248","257.676"
"51280","264.5395"
"51328","270.4551"
"51376","275.3392"
"51408","279.1201"
"51456","281.7454"
"51488","283.1816"
"51536","283.4098"
"51584","282.4261"
"51616","280.2441"
"51664","276.8976"
"51696","272.4496"
"51744","266.9921"
"51792","260.6266"
"51824","253.4446"
"51872","245.5289"
"51904","236.966"
"51952","227.8574"
"52000","218.3205"
"52032","208.4819"
"52080","198.4749"
"52128","188.441"
"52160","178.53"
"52208","168.8956"
"52240","159.6865"
"52288","151.0348"
"52336","143.0525"
"52368","135.8399"
"52416","129.4958"
"52448","124.1154"
"52496","119.7777"
"52544","116.5366"
"52576","114.4263"
"52624","113.4753"
"52656","113.714"
"52704","115.1691"
"52752","117.8461"
"52784","121.7169"
"52832","126.7224"
"52864","132.7805"
"52912","139.79"
"52960","147.6293"
"52992","156.1609"
"53040","165.2464"
"53072","174.7599"
"53120","184.5857"
"53168","194.6059"
"53200","204.6933"
"53248","214.7098"
"53280","224.5052"
"53328","233.9228"
"53376","242.8132"
"53408","251.0428"
"53456","258.4932"
"53488","265.0622"
"53536","270.6673"
"53584","275.2429"
"53616","278.7345"
"53664","281.0938"
"53696","282.2823"
"53744","282.2798"
"53792","281.0911"
"53824","278.7452"
"53872","275.2896"
"53920","270.779"
"53952","265.2703"
"54000","258.8256"
"54032","251.5278"
"54080","243.4876"
"54128","234.8322"
"54160","225.6864"
"54208","216.1644"
"54240","206.3775"
"54288","196.4481"
"54336","186.5119"
"54368","176.7115"
"54416","167.1893"
"54448","158.0847"
"54496","149.5306"
"54544","141.6446"
"54576","134.5294"
"54624","128.28"
"54656","122.9897"
"54704","118.7457"
"54752","115.6178"
"54784","113.6548"
"54832","112.8884"
"54864","113.3343"
"54912","114.993"
"54960","117.8493"
"54992","121.8651"
"55040","126.9769"
"55072","133.1093"
"55120","140.1792"
"55168","148.0826"
"55200","156.6935"
"55248","165.8777"
"55280","175.4955"
"55328","185.3966"
"55376","195.4281"
"55408","205.4439"
"55456","215.3088"
"55488","224.8963"
"55536","234.0849"
"55584","242.7549"
"55616","250.7881"
"55664","258.064"
"55696","264.4619"
"55744","269.8754"
"55792","274.2256"
"55824","277.4666"
"55872","279.5787"
"55920","280.5526"
"55952","280.3803"
"56000","279.0581"
"56032","276.5963"
"56080","273.0248"
"56128","268.394"
"56160","262.7728"
"56208","256.2409"
"56240","248.8839"
"56288","240.8041"
"56336","232.1249"
"56368","222.9815"
"56416","213.5085"
"56448","203.8308"
"56496","194.0615"
"56544","184.3124"
"56576","174.7077"
"56624","165.3835"
"56656","156.4791"
"56704","148.132"
"56752","140.4685"
"56784","133.5958"
"56832","127.6062"
"56864","122.5836"
"56912","118.6042"
"56960","115.7349"
"56992","114.0278"
"57040","113.5126"
"57072","114.1961"
"57120","116.0752"
"57168","119.1367"
"57200","123.3414"
"57248","128.6205"
"57280","134.8883"
"57328","142.0492"
"57376","149.9999"
"57408","158.6312"
"57456","167.8206"
"57488","177.4265"
"57536","187.2939"
"57584","197.2692"
"57616","207.2125"
"57664","217.0005"
"57696","226.5142"
"57744","235.6247"
"57792","244.1917"
"57824","252.0768"
"57872","259.1598"
"57920","265.3484"
"57952","270.5744"
"58000","274.78"
"58032","277.9057"
"58080","279.8972"
"58128","280.724"
"58160","280.3816"
"58208","278.8788"
"58240","276.2404"
"58288","272.5168"
"58336","267.7775"
"58368","262.0944"
"58416","255.5379"
"58448","248.184"
"58496","240.1218"
"58544","231.458"
"58576","222.3177"
"58624","212.8363"
"58656","203.1494"
"58704","193.3905"
"58752","183.6962"
"58784","174.2063"
"58832","165.0573"
"58864","156.3759"
"58912","148.2747"
"58960","140.8575"
"58992","134.224"
"59040","128.4683"
"59072","123.6805"
"59120","119.9434"
"59168","117.3201"
"59200","115.8502"
"59248","115.5532"
"59280","116.43"
"59328","118.4671"
"59376","121.6419"
"59408","125.9199"
"59456","131.2462"
"59488","137.5452"
"59536","144.7275"
"59584","152.6901"
"59616","161.3099"
"59664","170.4472"
"59696","179.958"
"59744","189.7048"
"59792","199.5564"
"59824","209.377"
"59872","219.0237"
"59920","228.3573"
"59952","237.2522"
"60000","245.5938"
"60032","253.2713"
"60080","260.174"
"60128","266.1977"
"60160","271.2517"
"60208","275.2613"
"60240","278.1659"
"60288","279.9208"
"60336","280.5022"
"60368","279.9071"
"60416","278.1522"
"60448","275.2751"
"60496","271.3337"
"60544","266.3976"
"60576","260.5401"
"60624","253.8352"
"60656","246.3633"
"60704","238.221"
"60752","229.5193"
"60784","220.3749"
"60832","210.9067"
"60864","201.2429"
"60912","191.5294"
"60960","181.9214"
"60992","172.5627"
"61040","163.572"
"61072","155.0485"
"61120","147.0879"
"61168","139.7973"
"61200","133.292"
"61248","127.683"
"61280","123.0668"
"61328","119.5154"
"61376","117.0716"
"61408","115.7638"
"61456","115.6158"
"61488","116.6402"
"61536","118.8284"
"61584","122.1498"
"61616","126.5579"
"61664","131.9978"
"61696","138.4001"
"61744","145.6728"
"61792","153.7035"
"61824","162.3625"
"61872","171.5059"
"61920","180.9852"
"61952","190.6578"
"62000","200.3892"
"62032","210.0495"
"62080","219.515"
"62128","228.6706"
"62160","237.4009"
"62208","245.5827"
"62240","253.086"
"62288","259.7866"
"62336","265.5824"
"62368","270.3963"
"62416","274.1645"
"62448","276.8337"
"62496","278.3728"
"62544","278.7756"
"62576","278.046"
"62624","276.1901"
"62656","273.2251"
"62704","269.1871"
"62752","264.1322"
"62784","258.1365"
"62832","251.2973"
"62864","243.7283"
"62912","235.5457"
"62960","226.8583"
"62992","217.7738"
"63040","208.4051"
"63072","198.8681"
"63120","189.2861"
"63168","179.7998"
"63200","170.5563"
"63248","161.6907"
"63280","153.3198"
"63328","145.5472"
"63376","138.4693"
"63408","132.1788"
"63456","126.7675"
"63488","122.3252"
"63536","118.9339"
"63584","116.659"
"63616","115.5421"
"63664","115.6028"
"63696","116.8419"
"63744","119.2429"
"63792","122.7732"
"63824","127.3895"
"63872","133.0372"
"63920","139.6425"
"63952","147.1033"
"64000","155.2847"
"64032","164.0287"
"64080","173.1785"
"64128","182.5964"
"64160","192.162"
"64208","201.7618"
"64240","211.2832"
"64288","220.6104"
"64336","229.623"
"64368","238.1941"
"64416","246.1954"
"64448","253.5081"
"64496","260.0282"
"64544","265.666"
"64576","270.343"
"64624","273.9893"
"64656","276.5471"
"64704","277.9776"
"64752","278.2628"
"64784","277.4064"
"64832","275.4307"
"64864","272.3677"
"64912","268.2558"
"64960","263.1426"
"64992","257.093"
"65040","250.1951"
"65072","242.5612"
"65120","234.318"
"65168","225.597"
"65200","216.5278"
"65248","207.2355"
"65280","197.8419"
"65328","188.463"
"65376","179.2064"
"65408","170.177"
"65456","161.4892"
"65488","153.2696"
"65536","145.6504"
"65584","138.7608"
"65616","132.7151"
"65664","127.6031"
"65712","123.4907"
"65744","120.4262"
"65792","118.4482"
"65824","117.5888"
"65872","117.8702"
"65920","119.2958"
"65952","121.848"
"66000","125.4892"
"66032","130.1646"
"66080","135.8086"
"66128","142.3483"
"66160","149.6996"
"66208","157.7621"
"66240","166.415"
"66288","175.5171"
"66336","184.9169"
"66368","194.4668"
"66416","204.033"
"66448","213.4971"
"66496","222.7497"
"66544","231.677"
"66576","240.1485"
"66624","248.0247"
"66656","255.1767"
"66704","261.4976"
"66752","266.8991"
"66784","271.3095"
"66832","274.6741"
"66864","276.9493"
"66912","278.0998"
"66960","278.1092"
"66992","276.9893"
"67040","274.7786"
"67072","271.5291"
"67120","267.289"
"67168","262.1012"
"67200","256.0165"
"67248","249.1081"
"67280","241.4753"
"67328","233.2361"
"67376","224.5171"
"67408","215.4468"
"67456","206.1529"
"67488","196.7627"
"67536","187.4012"
"67584","178.1867"
"67616","169.235"
"67664","160.6674"
"67712","152.606"
"67744","145.1629"
"67792","138.4405"
"67824","132.5384"
"67872","127.5518"
"67920","123.5639"
"67952","120.6413"
"68000","118.8296"
"68032","118.1501"
"68080","118.6046"
"68128","120.185"
"68160","122.8783"
"68208","126.6593"
"68240","131.4804"
"68288","137.2715"
"68336","143.9474"
"68368","151.4079"
"68416","159.5327"
"68448","168.1842"
"68496","177.2196"
"68544","186.4995"
"68576","195.8911"
"68624","205.2711"
"68656","214.5297"
"68704","223.563"
"68752","232.2613"
"68784","240.5045"
"68832","248.168"
"68864","255.1287"
"68912","261.2728"
"68960","266.4994"
"68992","270.7173"
"69040","273.8518"
"69072","275.8609"
"69120","276.742"
"69168","276.5139"
"69200","275.1937"
"69248","272.7938"
"69280","269.3393"
"69328","264.8796"
"69376","259.4881"
"69408","253.2549"
"69456","246.2789"
"69488","238.6625"
"69536","230.5045"
"69584","221.8963"
"69616","212.9312"
"69664","203.7213"
"69712","194.3947"
"69744","185.0806"
"69792","175.9098"
"69824","167.026"
"69872","158.5773"
"69920","150.6936"
"69952","143.4775"
"70000","137.0115"
"70032","131.3737"
"70080","126.6482"
"70128","122.9162"
"70160","120.2391"
"70208","118.6543"
"70240","118.1832"
"70288","118.8378"
"70336","120.6169"
"70368","123.4983"
"70416","127.437"
"70448","132.3715"
"70496","138.2321"
"70544","144.9434"
"70576","152.4176"
"70624","160.5456"
"70656","169.198"
"70704","178.2363"
"70752","187.5223"
"70784","196.9209"
"70832","206.3024"
"70864","215.5467"
"70912","224.5362"
"70960","233.1452"
"70992","241.2406"
"71040","248.6948"
"71072","255.3996"
"71120","261.269"
"71168","266.2304"
"71200","270.2177"
"71248","273.1716"
"71280","275.0438"
"71328","275.8031"
"71376","275.442"
"71408","273.9765"
"71456","271.4383"
"71488","267.8701"
"71536","263.3275"
"71584","257.882"
"71616","251.622"
"71664","244.6439"
"71712","237.0377"
"71744","228.8871"
"71792","220.2861"
"71824","211.3485"
"71872","202.1998"
"71920","192.9721"
"71952","183.8053"
"72000","174.8389"
"72032","166.1929"
"72080","157.9656"
"72128","150.2523"
"72160","143.162"
"72208","136.8133"
"72240","131.3213"
"72288","126.7841"
"72336","123.2784"
"72368","120.8594"
"72416","119.5591"
"72448","119.3836"
"72496","120.3174"
"72544","122.3338"
"72576","125.4015"
"72624","129.4841"
"72656","134.5352"
"72704","140.4928"
"72752","147.2769"
"72784","154.7916"
"72832","162.9262"
"72864","171.5582"
"72912","180.5587"
"72960","189.7916"
"72992","199.1205"
"73040","208.4209"
"73072","217.5792"
"73120","226.476"
"73168","234.9775"
"73200","242.9454"
"73248","250.2532"
"73280","256.7948"
"73328","262.484"
"73376","267.2487"
"73408","271.0235"
"73456","273.7506"
"73488","275.3918"
"73536","275.9314"
"73584","275.3707"
"73616","273.7235"
"73664","271.0216"
"73712","267.3199"
"73744","262.6904"
"73792","257.2029"
"73824","250.9174"
"73872","243.8968"
"73920","236.2236"
"73952","228.0032"
"74000","219.3572"
"74032","210.4155"
"74080","201.3059"
"74128","192.1494"
"74160","183.0632"
"74208","174.1699"
"74240","165.5982"
"74288","157.4734"
"74336","149.9064"
"74368","142.9996"
"74416","136.8587"
"74448","131.585"
"74496","127.2558"
"74544","123.9232"
"74576","121.6298"
"74624","120.4141"
"74656","120.3013"
"74704","121.2997"
"74752","123.4045"
"74784","126.5987"
"74832","130.8443"
"74864","136.0732"
"74912","142.1906"
"74960","149.0915"
"74992","156.6726"
"75040","164.8276"
"75072","173.4455"
"75120","182.4126"
"75168","191.607"
"75200","200.8906"
"75248","210.1149"
"75280","219.1348"
"75328","227.8181"
"75376","236.0482"
"75408","243.7246"
"75456","250.7516"
"75504","257.0328"
"75536","262.4783"
"75584","267.0067"
"75616","270.5419"
"75664","273.0256"
"75712","274.4276"
"75744","274.7376"
"75792","273.9578"
"75824","272.1083"
"75872","269.2291"
"75920","265.3707"
"75952","260.5861"
"76000","254.9389"
"76032","248.5141"
"76080","241.4112"
"76128","233.7272"
"76160","225.5561"
"76208","216.996"
"76240","208.1479"
"76288","199.1169"
"76336","190.0158"
"76368","180.9675"
"76416","172.1082"
"76448","163.5849"
"76496","155.5419"
"76544","148.1051"
"76576","141.3812"
"76624","135.4641"
"76656","130.4353"
"76704","126.3584"
"76752","123.2799"
"76784","121.2344"
"76832","120.2496"
"76864","120.3495"
"76912","121.5522"
"76960","123.86"
"76992","127.2469"
"77040","131.6556"
"77072","137.0041"
"77120","143.1977"
"77168","150.1409"
"77200","157.7406"
"77248","165.8988"
"77280","174.5077"
"77328","183.4523"
"77376","192.6056"
"77408","201.8226"
"77456","210.9503"
"77504","219.8479"
"77536","228.3983"
"77584","236.4993"
"77616","244.0473"
"77664","250.9323"
"77712","257.0501"
"77744","262.3111"
"77792","266.6391"
"77824","269.9739"
"77872","272.2781"
"77920","273.5304"
"77952","273.7112"
"78000","272.8031"
"78032","270.8086"
"78080","267.7639"
"78128","263.7362"
"78160","258.8076"
"78208","253.0633"
"78240","246.5917"
"78288","239.4809"
"78336","231.8065"
"78368","223.6381"
"78416","215.0627"
"78448","206.1955"
"78496","197.1694"
"78544","188.123"
"78576","179.1971"
"78624","170.5321"
"78656","162.2613"
"78704","154.5033"
"78752","147.3593"
"78784","140.9147"
"78832","135.2494"
"78864","130.4452"
"78912","126.581"
"78960","123.7175"
"78992","121.8884"
"79040","121.1091"
"79072","121.3941"
"79120","122.7588"
"79168","125.2045"
"79200","128.7086"
"79248","133.2251"
"79280","138.6868"
"79328","145.0067"
"79376","152.0855"
"79408","159.8211"
"79456","168.1053"
"79504","176.8139"
"79536","185.8033"
"79584","194.9205"
"79616","204.0217"
"79664","212.9844"
"79712","221.7032"
"79744","230.0751"
"79792","237.9901"
"79824","245.3362"
"79872","252.0062"
"79920","257.8996"
"79952","262.9284"
"80000","267.0251"
"80032","270.1429"
"80080","272.2499"
"80128","273.3196"
"80160","273.329"
"80208","272.2699"
"80240","270.1599"
"80288","267.0353"
"80336","262.9431"
"80368","257.9441"
"80416","252.1183"
"80448","245.5613"
"80496","238.3705"
"80544","230.6342"
"80576","222.44"
"80624","213.8859"
"80656","205.0819"
"80704","196.15"
"80752","187.2231"
"80784","178.4384"
"80832","169.9307"
"80864","161.8292"
"80912","154.2526"
"80960","147.302"
"80992","141.0632"
"81040","135.6158"
"81072","131.0339"
"81120","127.3842"
"81168","124.7243"
"81200","123.0969"
"81248","122.5254"
"81280","123.0185"
"81328","124.5756"
"81376","127.1875"
"81408","130.831"
"81456","135.4609"
"81504","141.0042"
"81536","147.3685"
"81584","154.4534"
"81616","162.1491"
"81664","170.3337"
"81712","178.8774"
"81744","187.6532"
"81792","196.5497"
"81824","205.4678"
"81872","214.3012"
"81920","222.9265"
"81952","231.2123"
"82000","239.0309"
"82032","246.2605"
"82080","252.785"
"82128","258.5004"
"82160","263.3289"
"82208","267.2191"
"82240","270.1304"
"82288","272.0228"
"82336","272.8606"
"82368","272.6242"
"82416","271.3193"
"82448","268.9753"
"82496","265.6378"
"82544","261.3692"
"82576","256.2484"
"82624","250.3572"
"82656","243.7718"
"82704","236.5658"
"82752","228.8152"
"82784","220.6019"
"82832","212.0261"
"82864","203.2151"
"82912","194.3129"
"82960","185.4616"
"82992","176.7927"
"83040","168.4295"
"83072","160.4911"
"83120","153.0866"
"83168","146.3095"
"83200","140.2428"
"83248","134.9628"
"83280","130.5412"
"83328","127.045"
"83376","124.5312"
"83408","123.0441"
"83456","122.6142"
"83504","123.2558"
"83536","124.9658"
"83584","127.7276"
"83616","131.5101"
"83664","136.2572"
"83712","141.8872"
"83744","148.3081"
"83792","155.4263"
"83824","163.1408"
"83872","171.3372"
"83920","179.8903"
"83952","188.675"
"84000","197.5778"
"84032","206.4934"
"84080","215.3049"
"84128","223.8745"
"84160","232.0547"
"84208","239.7056"
"84240","246.7064"
"84288","252.9635"
"84336","258.4085"
"84368","262.9837"
"84416","266.6328"
"84448","269.3075"
"84496","270.9736"
"84544","271.6071"
"84576","271.1978"
"84624","269.7542"
"84656","267.3005"
"84704","263.8709"
"84752","259.5089"
"84784","254.2757"
"84832","248.2519"
"84864","241.5267"
"84912","234.1958"
"84960","226.3662"
"84992","218.1474"
"85040","209.6429"
"85072","200.9596"
"85120","192.2198"
"85168","183.5552"
"85200","175.0893"
"85248","166.9296"
"85280","159.1771"
"85328","151.9354"
"85376","145.3118"
"85408","139.4113"
"85456","134.3267"
"85504","130.1307"
"85536","126.8811"
"85584","124.6293"
"85616","123.4177"
"85664","123.2674"
"85712","124.1734"
"85744","126.1123"
"85792","129.0518"
"85824","132.9567"
"85872","137.7899"
"85920","143.5001"
"85952","150.0059"
"86000","157.1967"
"86032","164.9491"
"86080","173.1371"
"86128","181.6372"
"86160","190.3342"
"86208","199.1206"
"86240","207.8892"
"86288","216.53"
"86336","224.9272"
"86368","232.9583"
"86416","240.4972"
"86448","247.4173"
"86496","253.5993"
"86544","258.9486"
"86576","263.4001"
"86624","266.9005"
"86656","269.3984"
"86704","270.8576"
"86752","271.2698"
"86784","270.6471"
"86832","269.0128"
"86864","266.3998"
"86912","262.8448"
"86960","258.3851"
"86992","253.0734"
"87040","246.9878"
"87072","240.2226"
"87120","232.8755"
"87168","225.044"
"87200","216.8305"
"87248","208.3445"
"87296","199.7006"
"87328","191.0179"
"87376","182.4212"
"87408","174.0362"
"87456","165.9809"
"87504","158.3675"
"87536","151.3024"
"87584","144.8809"
"87616","139.1889"
"87664","134.3099"
"87712","130.3213"
"87744","127.287"
"87792","125.2539"
"87824","124.2532"
"87872","124.3024"
"87920","125.4051"
"87952","127.5462"
"88000","130.6897"
"88032","134.7848"
"88080","139.7713"
"88128","145.5801"
"88160","152.1318"
"88208","159.3344"
"88240","167.0834"
"88288","175.2651"
"88336","183.7616"
"88368","192.457"
"88416","201.2374"
"88448","209.984"
"88496","218.5712"
"88544","226.8668"
"88576","234.7357"
"88624","242.0533"
"88656","248.7164"
"88704","254.6415"
"88752","259.7541"
"88784","263.9817"
"88832","267.258"
"88864","269.5282"
"88912","270.7542"
"88960","270.9253"
"88992","270.0612"
"89040","268.2006"
"89072","265.3882"
"89120","261.6656"
"89168","257.0752"
"89200","251.6727"
"89248","245.5324"
"89296","238.7407"
"89328","231.388"
"89376","223.5687"
"89408","215.3858"
"89456","206.9523"
"89504","198.3862"
"89536","189.8042"
"89584","181.3229"
"89616","173.0605"
"89664","165.1355"
"89712","157.662"
"89744","150.7438"
"89792","144.4729"
"89824","138.9347"
"89872","134.2116"
"89920","130.3823"
"89952","127.5164"
"90000","125.661"
"90032","124.8334"
"90080","125.0297"
"90128","126.2431"
"90160","128.4683"
"90208","131.6889"
"90240","135.8635"
"90288","140.9306"
"90336","146.8232"
"90368","153.4659"
"90416","160.7599"
"90448","168.5866"
"90496","176.8192"
"90544","185.3276"
"90576","193.9799"
"90624","202.6467"
"90656","211.2107"
"90704","219.5671"
"90752","227.6118"
"90784","235.2365"
"90832","242.3354"
"90864","248.8039"
"90912","254.5402"
"90960","259.4581"
"90992","263.492"
"91040","266.5904"
"91072","268.7094"
"91120","269.8116"
"91168","269.8738"
"91200","268.8946"
"91248","266.8945"
"91296","263.9126"
"91328","260.0043"
"91376","255.2372"
"91408","249.6851"
"91456","243.4261"
"91504","236.5441"
"91536","229.1307"
"91584","221.288"
"91616","213.1211"
"91664","204.7319"
"91712","196.2229"
"91744","187.7059"
"91792","179.3029"
"91824","171.1423"
"91872","163.3501"
"91920","156.0424"
"91952","149.3241"
"92000","143.2895"
"92032","138.0216"
"92080","133.5919"
"92128","130.0591"
"92160","127.4658"
"92208","125.8402"
"92240","125.2028"
"92288","125.5711"
"92336","126.9536"
"92368","129.3452"
"92416","132.7255"
"92448","137.0538"
"92496","142.264"
"92544","148.2721"
"92576","154.9836"
"92624","162.2966"
"92656","170.1044"
"92704","178.2941"
"92752","186.7467"
"92784","195.342"
"92832","203.9629"
"92864","212.4921"
"92912","220.8071"
"92960","228.7831"
"92992","236.3035"
"93040","243.2621"
"93072","249.554"
"93120","255.0789"
"93168","259.7528"
"93200","263.5143"
"93248","266.3286"
"93296","268.1824"
"93328","269.0674"
"93376","268.9717"
"93408","267.8853"
"93456","265.8093"
"93504","262.7627"
"93536","258.7886"
"93584","253.956"
"93616","248.3538"
"93664","242.0778"
"93712","235.2187"
"93744","227.8606"
"93792","220.0867"
"93824","211.985"
"93872","203.6521"
"93920","195.1973"
"93952","186.7446"
"94000","178.429"
"94032","170.3854"
"94080","162.7379"
"94128","155.5981"
"94160","149.0675"
"94208","143.2347"
"94240","138.1744"
"94288","133.9518"
"94336","130.6248"
"94368","128.2391"
"94416","126.822"
"94448","126.3879"
"94496","126.9457"
"94544","128.499"
"94576","131.0395"
"94624","134.5427"
"94656","138.9655"
"94704","144.2473"
"94752","150.3144"
"94784","157.0801"
"94832","164.4431"
"94864","172.2854"
"94912","180.4734"
"94960","188.8726"
"94992","197.3648"
"95040","205.8458"
"95072","214.2137"
"95120","222.3647"
"95168","230.1874"
"95200","237.5599"
"95248","244.3606"
"95296","250.4793"
"95328","255.8232"
"95376","260.3215"
"95408","263.9201"
"95456","266.5735"
"95504","268.2487"
"95536","268.93"
"95584","268.6153"
"95616","267.3166"
"95664","265.0597"
"95712","261.8765"
"95744","257.8038"
"95792","252.8928"
"95824","247.2124"
"95872","240.8439"
"95920","233.8764"
"95952","226.4076"
"96000","218.5416"
"96032","210.3873"
"96080","202.058"
"96128","193.6687"
"96160","185.3385"
"96208","177.1912"
"96240","169.3467"
"96288","161.9113"
"96336","154.9821"
"96368","148.653"
"96416","143.0097"
"96448","138.1215"
"96496","134.0455"
"96544","130.8358"
"96576","128.5475"
"96624","127.2302"
"96656","126.9181"
"96704","127.6289"
"96752","129.3628"
"96784","132.0954"
"96832","135.7798"
"96864","140.3616"
"96912","145.7815"
"96960","151.9591"
"96992","158.788"
"97040","166.1515"
"97088","173.9376"
"97120","182.0392"
"97168","190.3498"
"97200","198.7593"
"97248","207.1541"
"97296","215.4188"
"97328","223.4341"
"97376","231.0813"
"97408","238.2509"
"97456","244.841"
"97504","250.7516"
"97536","255.8929"
"97584","260.1913"
"97616","263.586"
"97664","266.027"
"97712","267.4811"
"97744","267.9384"
"97792","267.4114"
"97824","265.9207"
"97872","263.4864"
"97920","260.1367"
"97952","255.9178"
"98000","250.8888"
"98032","245.1162"
"98080","238.6736"
"98128","231.6456"
"98160","224.135"
"98208","216.2605"
"98240","208.1413"
"98288","199.8862"
"98336","191.5997"
"98368","183.3941"
"98416","175.3883"
"98448","167.6924"
"98496","160.4043"
"98544","153.6161"
"98576","147.4199"
"98624","141.9059"
"98656","137.1599"
"98704","133.2605"
"98752","130.2756"
"98784","128.256"
"98832","127.2325"
"98864","127.2163"
"98912","128.2015"
"98960","130.1663"
"98992","133.0756"
"99040","136.8852"
"99088","141.5459"
"99120","147.0003"
"99168","153.1764"
"99200","159.9896"
"99248","167.3474"
"99296","175.1483"
"99328","183.2769"
"99376","191.6053"
"99408","200.0042"
"99456","208.353"
"99504","216.5375"
"99536","224.4462"
"99584","231.9697"
"99616","238.9977"
"99664","245.4211"
"99712","251.1461"
"99744","256.0994"
"99792","260.217"
"99824","263.4345"
"99872","265.6964"
"99920","266.9721"
"99952","267.2562"
"100000","266.5551"
"100032","264.884"
"100080","262.2723"
"100128","258.7616"
"100160","254.4019"
"100208","249.2614"
"100240","243.4277"
"100288","236.9882"
"100336","230.0175"
"100368","222.5857"
"100416","214.7739"
"100448","206.6874"
"100496","198.4556"
"100544","190.2175"
"100576","182.1027"
"100624","174.2248"
"100656","166.6865"
"100704","159.5867"
"100752","153.0195"
"100784","147.0677"
"100832","141.805"
"100864","137.3057"
"100912","133.6417"
"100960","130.8684"
"100992","129.0203"
"101040","128.1226"
"101088","128.1988"
"101120","129.2657"
"101168","131.3268"
"101200","134.3654"
"101248","138.3417"
"101296","143.1904"
"101328","148.8268"
"101376","155.1584"
"101408","162.0936"
"101456","169.5381"
"101504","177.3835"
"101536","185.5001"
"101584","193.7513"
"101616","202.017"
"101664","210.1988"
"101712","218.2059"
"101744","225.943"
"101792","233.3085"
"101824","240.1948"
"101872","246.4889"
"101920","252.0817"
"101952","256.8805"
"102000","260.8102"
"102032","263.8123"
"102080","265.8479"
"102128","266.8993"
"102160","266.9674"
"102208","266.0672"
"102240","264.2208"
"102288","261.4537"
"102336","257.8022"
"102368","253.3239"
"102416","248.0924"
"102448","242.1805"
"102496","235.6559"
"102544","228.5925"
"102576","221.0857"
"102624","213.2534"
"102656","205.2208"
"102704","197.1051"
"102752","189.0142"
"102784","181.0519"
"102832","173.3219"
"102864","165.9249"
"102912","158.9584"
"102960","152.519"
"102992","146.7013"
"103040","141.5929"
"103088","137.2712"
"103120","133.7985"
"103168","131.2253"
"103200","129.5969"
"103248","128.9466"
"103296","129.2894"
"103328","130.6235"
"103376","132.9279"
"103408","136.1611"
"103456","140.2695"
"103504","145.1905"
"103536","150.8512"
"103584","157.1727"
"103616","164.0751"
"103664","171.475"
"103712","179.2757"
"103744","187.3581"
"103792","195.5818"
"103824","203.8011"
"103872","211.8843"
"103920","219.7224"
"103952","227.2262"
"104000","234.3164"
"104032","240.9108"
"104080","246.9194"
"104128","252.2523"
"104160","256.8228"
"104208","260.5497"
"104240","263.3665"
"104288","265.2258"
"104336","266.1018"
"104368","265.9922"
"104416","264.9127"
"104448","262.8897"
"104496","259.9607"
"104544","256.1742"
"104576","251.5876"
"104624","246.2673"
"104656","240.2886"
"104704","233.7267"
"104752","226.6583"
"104784","219.1736"
"104832","211.3789"
"104864","203.3849"
"104912","195.3059"
"104960","187.2651"
"104992","179.3858"
"105040","171.7786"
"105088","164.5424"
"105120","157.77"
"105168","151.5484"
"105200","145.9561"
"105248","141.0631"
"105296","136.9354"
"105328","133.6388"
"105376","131.2307"
"105408","129.7502"
"105456","129.2253"
"105504","129.6807"
"105536","131.1278"
"105584","133.552"
"105616","136.9125"
"105664","141.1513"
"105712","146.2024"
"105744","151.9955"
"105792","158.4539"
"105824","165.4887"
"105872","172.9899"
"105920","180.8279"
"105952","188.8707"
"106000","196.9982"
"106032","205.1035"
"106080","213.0859"
"106128","220.8461"
"106160","228.2862"
"106208","235.3076"
"106240","241.8037"
"106288","247.6635"
"106336","252.7869"
"106368","257.0965"
"106416","260.5349"
"106448","263.0623"
"106496","264.6577"
"106544","265.3169"
"106576","265.0451"
"106624","263.8473"
"106656","261.7302"
"106704","258.7138"
"106752","254.8407"
"106784","250.1753"
"106832","244.7946"
"106880","238.7831"
"106912","232.2344"
"106960","225.2477"
"106992","217.9167"
"107040","210.323"
"107088","202.5402"
"107120","194.6431"
"107168","186.7243"
"107200","178.9023"
"107248","171.315"
"107296","164.1028"
"107328","157.3939"
"107376","151.2957"
"107408","145.8919"
"107456","141.2478"
"107504","137.4153"
"107536","134.4321"
"107584","132.3275"
"107616","131.1302"
"107664","130.8651"
"107712","131.5473"
"107744","133.1777"
"107792","135.7377"
"107824","139.1948"
"107872","143.5102"
"107920","148.6329"
"107952","154.4964"
"108000","161.0225"
"108032","168.1197"
"108080","175.6805"
"108128","183.5769"
"108160","191.6665"
"108208","199.8127"
"108240","207.8991"
"108288","215.8263"
"108336","223.5028"
"108368","230.8325"
"108416","237.7087"
"108448","244.0226"
"108496","249.6729"
"108544","254.5701"
"108576","258.6428"
"108624","261.8441"
"108656","264.1472"
"108704","265.5335"
"108752","265.9891"
"108784","265.5094"
"108832","264.1036"
"108880","261.7921"
"108912","258.6027"
"108960","254.575"
"108992","249.7698"
"109040","244.2683"
"109088","238.1568"
"109120","231.5121"
"109168","224.4081"
"109200","216.9361"
"109248","209.2098"
"109296","201.3465"
"109328","193.4491"
"109376","185.6114"
"109408","177.9382"
"109456","170.5478"
"109504","163.5541"
"109536","157.0575"
"109584","151.1506"
"109616","145.9192"
"109664","141.436"
"109712","137.7554"
"109744","134.9153"
"109792","132.9458"
"109824","131.8753"
"109872","131.7321"
"109920","132.5429"
"109952","134.3226"
"110000","137.0569"
"110032","140.7011"
"110080","145.1942"
"110128","150.4658"
"110160","156.4285"
"110208","162.9798"
"110240","170.0158"
"110288","177.4361"
"110336","185.1451"
"110368","193.052"
"110416","201.0619"
"110448","209.067"
"110496","216.9449"
"110544","224.5635"
"110576","231.7927"
"110624","238.5152"
"110656","244.6337"
"110704","250.0709"
"110752","254.7629"
"110784","258.6499"
"110832","261.6789"
"110880","263.8101"
"110912","265.0161"
"110960","265.2767"
"110992","264.5838"
"111040","262.9518"
"111088","260.4177"
"111120","257.0335"
"111168","252.8627"
"111200","247.9719"
"111248","242.4274"
"111296","236.299"
"111328","229.6614"
"111376","222.5911"
"111408","215.1697"
"111456","207.4859"
"111504","199.6361"
"111536","191.7299"
"111584","183.8938"
"111616","176.2622"
"111664","168.9625"
"111712","162.1045"
"111744","155.7801"
"111792","150.0692"
"111824","145.0429"
"111872","140.763"
"111920","137.2816"
"111952","134.6422"
"112000","132.8811"
"112032","132.0323"
"112080","132.1273"
"112128","133.185"
"112160","135.2035"
"112208","138.1546"
"112240","141.984"
"112288","146.6175"
"112336","151.9739"
"112368","157.9728"
"112416","164.5336"
"112448","171.5736"
"112496","179.0003"
"112544","186.7009"
"112576","194.5482"
"112624","202.4214"
"112656","210.219"
"112704","217.8525"
"112752","225.229"
"112784","232.2439"
"112832","238.7913"
"112880","244.7777"
"112912","250.1227"
"112960","254.7465"
"112992","258.5658"
"113040","261.5029"
"113088","263.4996"
"113120","264.5248"
"113168","264.576"
"113200","263.6764"
"113248","261.8688"
"113296","259.2047"
"113328","255.7304"
"113376","251.4824"
"113408","246.5011"
"113456","240.8443"
"113504","234.5885"
"113536","227.8223"
"113584","220.6429"
"113616","213.153"
"113664","205.4555"
"113712","197.6538"
"113744","189.8589"
"113792","182.1894"
"113824","174.7589"
"113872","167.6698"
"113920","161.0191"
"113952","154.9023"
"114000","149.406"
"114032","144.5978"
"114080","140.5289"
"114128","137.2481"
"114160","134.8052"
"114208","133.2402"
"114240","132.5768"
"114288","132.826"
"114336","133.995"
"114368","136.0868"
"114416","139.0908"
"114448","142.9751"
"114496","147.6882"
"114544","153.1657"
"114576","159.3318"
"114624","166.0876"
"114656","173.3074"
"114704","180.855"
"114752","188.6031"
"114784","196.4401"
"114832","204.2694"
"114880","212.0001"
"114912","219.5329"
"114960","226.7608"
"114992","233.5814"
"115040","239.904"
"115088","245.646"
"115120","250.7312"
"115168","255.0877"
"115200","258.6443"
"115248","261.3297"
"115296","263.0876"
"115328","263.896"
"115376","263.7666"
"115408","262.7289"
"115456","260.8173"
"115504","258.0682"
"115536","254.5161"
"115584","250.198"
"115616","245.167"
"115664","239.4966"
"115712","233.2682"
"115744","226.5609"
"115792","219.4509"
"115824","212.0214"
"115872","204.3674"
"115920","196.5965"
"115952","188.8313"
"116000","181.2053"
"116032","173.8474"
"116080","166.8708"
"116128","160.3717"
"116160","154.429"
"116208","149.1065"
"116240","144.461"
"116288","140.5526"
"116336","137.4483"
"116368","135.2112"
"116416","133.8793"
"116448","133.4625"
"116496","133.9606"
"116544","135.3722"
"116576","137.6836"
"116624","140.8609"
"116672","144.8568"
"116704","149.6188"
"116752","155.0921"
"116784","161.2147"
"116832","167.9067"
"116880","175.0627"
"116912","182.5569"
"116960","190.257"
"116992","198.0417"
"117040","205.8049"
"117088","213.4458"
"117120","220.867"
"117168","227.9772"
"117200","234.6853"
"117248","240.8949"
"117296","246.5064"
"117328","251.4251"
"117376","255.5721"
"117408","258.8891"
"117456","261.3332"
"117504","262.8731"
"117536","263.4897"
"117584","263.1791"
"117616","261.9588"
"117664","259.8666"
"117712","256.9454"
"117744","253.2332"
"117792","248.7709"
"117824","243.614"
"117872","237.8324"
"117920","231.5042"
"117952","224.7153"
"118000","217.5617"
"118032","210.1491"
"118080","202.5848"
"118128","194.9707"
"118160","187.4049"
"118208","179.9869"
"118240","172.8191"
"118288","166.0001"
"118336","159.6185"
"118368","153.7547"
"118416","148.4885"
"118448","143.9059"
"118496","140.0958"
"118544","137.1377"
"118576","135.0865"
"118624","133.9675"
"118672","133.7796"
"118704","134.5066"
"118752","136.1289"
"118784","138.6262"
"118832","141.973"
"118880","146.1344"
"118912","151.0592"
"118960","156.6734"
"118992","162.8846"
"119040","169.5925"
"119088","176.6962"
"119120","184.0968"
"119168","191.6922"
"119200","199.3735"
"119248","207.033"
"119296","214.5692"
"119328","221.8823"
"119376","228.8706"
"119408","235.4291"
"119456","241.4552"
"119504","246.8593"
"119536","251.5661"
"119584","255.5096"
"119616","258.6346"
"119664","260.8986"
"119712","262.2682"
"119744","262.7191"
"119792","262.243"
"119824","260.8527"
"119872","258.5779"
"119920","255.4608"
"119952","251.5552"
"120000","246.9297"
"120032","241.6613"
"120080","235.8269"
"120128","229.502"
"120160","222.7644"
"120208","215.6982"
"120240","208.3937"
"120288","200.9496"
"120336","193.4727"
"120368","186.0732"
"120416","178.8574"
"120448","171.9133"
"120496","165.2868"
"120544","158.9632"
"120576","152.8733"
"120624","146.9193"
